{
    "id": "fvtt-caltrops",
    "title": "Caltrops integration",
    "description": "Add dice rolling support for the caltrops character sheet",
    "version": "0.0.1",
    "library": "false",
    "manifestPlusVersion": "1.2.0",
    "compatibility": {
        "minimum": 9,
        "verified": 10,
        "maximum": 10
    },
    "authors": [
        {
            "name": "Lambosaurus",
            "url": "https://github.com/Lambosaurus"
        }
    ],
    "relationships": {
        "systems": [],
        "requires": []
    },
    "esmodules": [],
    "scripts": [
        "scripts/main.js"
    ],
    "styles": [],
    "languages": [
        {
            "lang": "en",
            "name": "English",
            "path": "lang/en.json"
        }
    ],
    "packs": [],
    "url": "https://github.com/Lambosaurus/caltrops",
    "manifest": "https://github.com/Lambosaurus/caltrops/releases/download/fvtt-v1.0/module.json",
    "download": "https://github.com/Lambosaurus/caltrops/releases/download/fvtt-v1.0/module.zip",
    "license": "LICENSE",
    "readme": "README.md"
}